1	1	Accountant	Software Ridge	31.05.2013 11:00	30.06.2013 11:00
2	1	Actor	Software Dev	31.05.2013 11:00	30.07.2013 11:00
3	1	Actuary	Software Inc	01.06.2013 06:00	01.08.2013 06:00
4	2	Administrative Services Manager	Software Rank	01.06.2013 06:00	01.09.2014 06:00
5	2	High School Teachers 	Software Vine	01.06.2013 06:00	01.09.2014 06:00
6	2	Advertising Sales Agent	Ridge Software	01.06.2013 06:00	01.08.2013 06:00
7	3	Advertising	Dev Software	03.06.2013 10:00	03.11.2015 04:44
8	3	Operations Technician	Inc Software	10.06.2013 10:00	30.11.2016 11:00
9	3	Aerospace Engineer	Rank Software	13.06.2013 08:08	19.06.2014 07:20
10	4	Food Science Technician	Vine Software	14.06.2013 07:48	10.02.2015 08:22
11	4	Agricultural Scientist	Software Ability	18.06.2013 12:20	30.09.2019 09:00
12	4	Agricultural Engineer 	Software Ex	18.06.2013 04:27	07.11.2013 03:57
13	5	Agricultural Worker	Software Industries	20.06.2013 04:26	20.06.2013 04:58
14	5	Air Traffic Controllers	Software Zoom	21.06.2013 01:51	26.08.2020 09:00
15	5	Service Technician	Software Rhino	25.06.2013 04:17	30.10.2015 11:00
16	6	Aircraft Pilot	Ability Software	28.06.2013 10:00	06.10.2014 10:00
17	6	Animal Care and Service Worker	Ex Software	29.06.2013 10:00	02.02.2020 11:00
18	6	Announcer	Industries Software	30.06.2013 08:00	31.08.2015 08:00
19	7	Anthropologist	Zoom Software	30.06.2013 09:00	31.12.2014 11:00
20	7	Appraiser of Real Estate 	Rhino Software	30.06.2013 09:00	31.08.2015 09:00
21	7	Mediator	Software Able	30.06.2013 09:00	30.04.2014 09:00
22	8	Architect	Software Bit	30.06.2013 09:00	31.08.2016 09:00
23	8	Architectural and Engineering Manager	Software Ink	30.06.2013 09:00	31.03.2015 09:00
24	8	Museum Technician	Software Ment	30.06.2013 09:00	31.05.2016 09:00
25	9	Art Director	Software Gorilla	30.06.2013 09:00	30.04.2014 09:00
26	9	Artist	Able Software	30.06.2013 09:00	28.02.2015 11:00
27	9	Assembler	Software Amp	30.06.2013 09:00	31.10.2015 11:00
28	10	Athlete	Software Pin	30.06.2013 09:00	30.11.2014 11:00
29	10	Athletic Trainer	Software Velocity	30.06.2013 09:00	31.07.2013 09:00
30	10	Atmospheric Scientist	Software Woop	30.06.2013 09:00	31.08.2017 09:00
